country_name,country_code,income_tier,year,mortality_u5,nutrition_stunting,population,cbr_real,annual_births,cate_effect,cate_se,cate_ci_lower,cate_ci_upper,lives_saved_2.5pct,lives_saved_5.0pct,lives_saved_10.0pct
China,CHN,Upper middle income,2023,6.1,4.8,1410710000.0,6.39,9014436.9,0.8940714197298544,0.10824400551874926,0.6819131689131057,1.1062296705466028,20148.875993120466,40297.75198624093,80595.50397248186
Ethiopia,ETH,Low income,2023,51.5,36.8,128691692.0,31.903,4105651.0498760003,1.294281639070078,0.3958745559359108,0.5183675094356927,2.070195768704463,13284.67192570824,26569.34385141648,53138.68770283296
Pakistan,PAK,Lower middle income,2023,57.8,37.6,247504495.0,27.806,6882109.98797,0.7568510187247487,0.30292123387689296,0.16312540032603828,1.3505766371234587,13021.829888427157,26043.659776854314,52087.31955370863
India,IND,Lower middle income,2023,28.0,35.5,1438069596.0,16.146,23219071.697016,0.21114642839654982,0.2182035327397038,-0.21653249577326972,0.6388253525663692,12256.560148770865,24513.12029754173,49026.24059508346
"Congo, Dem. Rep.",COD,Low income,2023,91.3,44.7,105789731.0,41.305,4369644.838955,0.8172017021283974,0.3222147190936594,0.18566085270482502,1.4487425515519696,8927.203000226484,17854.406000452967,35708.812000905935
Nigeria,NGA,Lower middle income,2023,116.8,33.8,227882945.0,32.954,7509654.569529999,0.3820395475654516,0.1607423233747692,0.06698459375090388,0.6970945013799992,7172.462585290168,14344.925170580336,28689.850341160673
Uganda,UGA,Low income,2023,49.4,24.4,48656601.0,35.201,1712761.0118010002,1.4069519509245598,0.3907418182519033,0.6410979871508299,2.1728059146982908,6024.431117552351,12048.862235104702,24097.724470209403
Mexico,MEX,Upper middle income,2023,13.4,12.5,129739759.0,15.706,2037692.654854,0.9503462195009885,0.09972463645560417,0.7548859320480048,1.1458065069539731,4841.283777613578,9682.567555227157,19365.135110454314
Sudan,SDN,Low income,2023,63.1,38.2,50042791.0,33.612,1682038.2910920002,1.1201308405258434,0.39452145460434573,0.3468687895013264,1.8933928915503615,4710.257411993839,9420.514823987678,18841.029647975356
Tanzania,TZA,Lower middle income,2023,38.5,30.0,66617606.0,35.222,2346405.3185320003,0.7544457415416694,0.22422548061667139,0.31496379953299336,1.1939276835503452,4425.58875124298,8851.17750248596,17702.35500497192
Brazil,BRA,Upper middle income,2023,14.4,8.0,211140729.0,12.322,2601676.062738,0.6697348053837461,0.10155421800463971,0.47068853809465244,0.8687810726728401,4356.082528873462,8712.165057746925,17424.33011549385
Indonesia,IDN,Upper middle income,2023,18.4,22.0,281190067.0,15.941,4482450.858047,0.33690945184091503,0.18506664760742014,-0.025821177469628587,0.6996400811514583,3775.450153721135,7550.90030744227,15101.80061488454
Mali,MLI,Low income,2023,76.2,21.8,23769127.0,40.029,951454.384683,1.3342100284809653,0.40659407727236024,0.5372856370271395,2.1311344199347917,3173.5999542156123,6347.199908431225,12694.39981686245
Chad,TCD,Low income,2023,100.6,31.9,19319064.0,42.396,819051.0373440001,1.5293595923167358,0.2937586946465327,0.9535925508095316,2.10512663382394,3131.5589013975487,6263.117802795097,12526.235605590195
Mozambique,MOZ,Low income,2023,61.7,36.7,33635160.0,37.486,1260847.60776,0.9407786916072997,0.33299532692769335,0.28810785082902046,1.5934495323855784,2965.4464068616167,5930.892813723233,11861.785627446467
Burkina Faso,BFA,Low income,2023,77.4,21.1,23025776.0,31.643,728604.629968,1.3842555100407652,0.32298539132544507,0.7512041430428925,2.0173068770386373,2521.4374341860416,5042.874868372083,10085.749736744167
Bangladesh,BGD,Lower middle income,2023,30.6,23.6,171466990.0,20.353,3489867.6474700007,0.28015622053480643,0.20890559038810863,-0.12929873662588648,0.6896111776954994,2444.270325704729,4888.540651409458,9777.081302818917
Niger,NER,Low income,2023,113.5,47.7,26159867.0,41.892,1095889.1483640003,0.8749295609016712,0.3125944800870305,0.2622443799310914,1.487614741872251,2397.0645284375532,4794.1290568751065,9588.258113750213
Saudi Arabia,SAU,High income,2023,6.2,10.8,33702731.0,16.415,553230.329365,1.6877010844107911,0.13726347864633193,1.4186646662639806,1.9567375025576017,2334.218566995624,4668.437133991248,9336.874267982495
"Egypt, Arab Rep.",EGY,Lower middle income,2023,22.9,12.8,114535772.0,21.004,2405709.355088,0.37250777110218014,0.37829506996713613,-0.3689505660334067,1.113966108237767,2240.3635744587355,4480.727148917471,8961.454297834942
Turkiye,TUR,Upper middle income,2023,13.8,6.0,85325965.0,11.2,955650.808,0.933580448467867,0.10430591780579959,0.7291408495684998,1.1380200473672342,2230.4422747782987,4460.884549556597,8921.769099113195
"Somalia, Fed. Rep.",SOM,Low income,2023,104.3,25.3,18358615.0,42.964,788759.5348599999,1.016562197111066,0.2516557152712934,0.5233169951793308,1.509807399042801,2004.55781437396,4009.11562874792,8018.23125749584
Madagascar,MDG,Low income,2023,63.6,39.8,31195932.0,32.095,1001233.43754,0.7075094554118638,0.20001126927693136,0.31548736762907786,1.0995315431946489,1770.9553103351843,3541.9106206703686,7083.821241340737
Syrian Arab Republic,SYR,Low income,2023,20.1,27.9,23594623.0,22.107,521606.330661,1.304302162557395,0.3839544064777232,0.5517515258610568,2.0568527992537318,1700.8306627119246,3401.661325423849,6803.322650847698
Myanmar,MMR,Lower middle income,2023,38.1,26.7,54133798.0,16.696,903817.8914080001,0.7440110878112004,0.22782906198754158,0.2974661263156194,1.1905560493067824,1681.126331424229,3362.252662848458,6724.505325696916
Angola,AGO,Lower middle income,2023,50.5,37.6,36749906.0,37.588,1381355.4667280002,0.48109912135487615,0.2655900391207263,-0.03945735532174738,1.0016555980314996,1661.4222533039895,3322.844506607979,6645.689013215958
Kenya,KEN,Lower middle income,2023,39.6,17.6,55339003.0,27.106,1500019.015318,0.4166177253044307,0.21627124015309446,-0.007273905395634328,0.8405093560044959,1562.3362751879429,3124.6725503758857,6249.3451007517715
Philippines,PHL,Upper middle income,2023,27.0,26.7,114891199.0,16.019,1840442.1167809998,0.33697660409434954,0.32060257325876007,-0.29140443949282013,0.9653576476815194,1550.464836362694,3100.929672725388,6201.859345450776
Afghanistan,AFG,Low income,2023,54.9,44.6,41454761.0,35.437,1469032.3655569998,0.4193248979032847,0.46036700203290337,-0.48299442608120624,1.3216442218877749,1540.0046167595244,3080.009233519049,6160.018467038098
Malawi,MWI,Low income,2023,49.6,35.5,21104482.0,31.381,662279.749642,0.9242894360678068,0.35504694509492185,0.22839742368176008,1.6201814484538537,1530.3454407893312,3060.6908815786624,6121.381763157325
Viet Nam,VNM,Upper middle income,2023,17.8,18.2,100352192.0,13.831,1387971.167552,0.4377422500763834,0.2625891277552308,-0.0769324403238692,0.9524169404766356,1518.9340548133935,3037.868109626787,6075.736219253574
Colombia,COL,Upper middle income,2023,11.9,12.7,52321152.0,13.475,705027.5231999999,0.8345098335364746,0.16573050495651995,0.5096780438216955,1.1593416232512537,1470.8810025606622,2941.7620051213244,5883.524010242649
Peru,PER,Upper middle income,2023,13.3,11.5,33845617.0,15.944,539634.517448,0.9963219666738223,0.42221772674843205,0.16877522224689567,1.8238687111007492,1344.124309272176,2688.248618544352,5376.497237088704
Uzbekistan,UZB,Lower middle income,2023,13.7,6.5,35652307.0,26.465,943538.3047549999,0.5542562554034732,0.27734730541627484,0.010655536787574582,1.0978569740193718,1307.4050190581186,2614.810038116237,5229.620076232474
Rwanda,RWA,Low income,2023,38.8,33.1,13954471.0,28.348,395581.343908,1.295346930045597,0.38250925458476254,0.5456287910594624,2.0450650690317316,1281.0376985363484,2562.075397072697,5124.150794145394
"Iran, Islamic Rep.",IRN,Upper middle income,2023,11.7,4.8,90608707.0,12.951,1173473.364357,0.42742368963573274,0.1567686405950252,0.12015715406948324,0.734690225201982,1253.9257877068137,2507.8515754136274,5015.703150827255
Argentina,ARG,Upper middle income,2023,9.7,8.7,45538401.0,11.064,503836.86866400007,0.9627893909873917,0.07934807952761086,0.8072671551132751,1.1183116268615096,1212.7219798450178,2425.4439596900356,4850.887919380071
Zambia,ZMB,Lower middle income,2023,49.1,34.6,20723965.0,33.081,685569.4861650001,0.7050113403819422,0.2541027494783769,0.20696995140432345,1.203052729359561,1208.3356559153654,2416.6713118307307,4833.342623661461
Thailand,THA,Upper middle income,2023,9.2,12.4,71702435.0,8.245,591186.576575,0.8157281892302846,0.2191054458417024,0.3862815153805478,1.2451748630800212,1205.6188890169394,2411.237778033879,4822.475556067758
Nepal,NPL,Lower middle income,2023,26.1,24.8,29694614.0,19.34,574293.83476,0.7801386276501125,0.3115420908260784,0.1695161296309987,1.3907611256692263,1120.0720102939672,2240.1440205879344,4480.288041175869
"Korea, Rep.",KOR,High income,2023,2.9,0.9,51712619.0,4.5,232706.78549999997,1.6803138645648372,0.1410649953496532,1.403826473679517,1.9568012554501575,977.5510951349138,1955.1021902698276,3910.204380539655
Benin,BEN,Lower middle income,2023,77.2,34.1,14111034.0,33.879,478067.72088599997,0.8041816066988182,0.31586729135308583,0.18508171564676978,1.4232814977508663,961.1331697323641,1922.2663394647282,3844.5326789294563
Kazakhstan,KAZ,Upper middle income,2023,9.6,8.0,20330104.0,20.138,409407.6343520001,0.8876656306004559,0.09379157748091661,0.7038341387378594,1.0714971224630525,908.5427147992725,1817.085429598545,3634.17085919709
Algeria,DZA,Upper middle income,2023,22.0,9.8,46164219.0,19.625,905972.797875,0.3974879789938766,0.23046409166869536,-0.05422164067676638,0.8491975986645194,900.283241126904,1800.566482253808,3601.132964507616
South Sudan,SSD,Low income,2023,96.7,31.3,11483374.0,28.59,328309.66266000003,1.026729571780668,0.46588177144891013,0.11360129974080424,1.9398578438205318,842.7130983858934,1685.4261967717869,3370.8523935435737
Cote d'Ivoire,CIV,Lower middle income,2023,66.5,23.4,31165654.0,31.99,996989.27146,0.32017616955700456,0.19544217508840236,-0.06289049361626414,0.7032428327302731,798.0305150637284,1596.061030127457,3192.122060254914
Malaysia,MYS,Upper middle income,2023,8.3,21.2,35126298.0,12.412,435987.610776,0.672538515342739,0.12999326749653745,0.41775171104952535,0.9273253196359521,733.0461511477976,1466.0923022955951,2932.1846045911902
Cameroon,CMR,Lower middle income,2023,67.0,28.9,28372687.0,33.743,957379.577441,0.282731220913956,0.18441115292072424,-0.07871463881066354,0.6441770806385755,676.7027420199532,1353.4054840399065,2706.810968079813
Sierra Leone,SLE,Low income,2023,93.8,26.3,8460512.0,30.601,258900.127712,0.9899560363151576,0.28435244730801146,0.43262523959145527,1.5472868330388603,640.749360578149,1281.498721156298,2562.997442312596
Chile,CHL,High income,2023,6.9,1.8,19658835.0,8.963,176202.13810499996,1.338202219753894,0.19373267042160192,0.9584861857275545,1.717918253780234,589.4852308437329,1178.9704616874658,2357.9409233749316
Romania,ROU,High income,2023,6.9,12.8,19061062.0,8.4,160112.92080000002,1.4174490717554096,0.23797395427304263,0.9510201213802459,1.883878022130573,567.3797774100186,1134.7595548200372,2269.5191096400745
Morocco,MAR,Lower middle income,2023,16.3,14.2,37712505.0,16.701,629836.546005,0.3386901375015149,0.3191425471360059,-0.2868292548850569,0.9642095298880864,533.2985659247817,1066.5971318495633,2133.1942636991266
South Africa,ZAF,Upper middle income,2023,34.8,21.3,63212384.0,18.775,1186812.5096,0.17655736093732485,0.18108981776688662,-0.17837868188577288,0.5314934037604226,523.8512115559488,1047.7024231118976,2095.404846223795
Ecuador,ECU,Upper middle income,2023,13.0,17.5,17980083.0,15.033,270294.587739,0.740386794513261,0.23778481353915115,0.2743285599765246,1.206445029049997,500.3063584759039,1000.6127169518078,2001.2254339036156
Liberia,LBR,Low income,2023,87.3,29.8,5493031.0,30.96,170064.23976,1.1259572576662362,0.3887653234565963,0.3639772236913069,1.8879372916411645,478.71266256815727,957.4253251363145,1914.850650272629
Central African Republic,CAF,Low income,2023,92.6,37.9,5152421.0,46.358,238855.93271799997,0.7650009529255501,0.41295123660290517,-0.04438347081614391,1.5743853766672444,456.8125403529777,913.6250807059554,1827.2501614119108
Ghana,GHA,Lower middle income,2023,37.2,17.4,33787914.0,26.31,888960.01734,0.20547862987475252,0.2493627283956773,-0.28327231778077494,0.69422957753028,456.6557159411486,913.3114318822973,1826.6228637645945
Guinea,GIN,Lower middle income,2023,95.0,26.1,14405468.0,33.848,487596.280864,0.36807415759222856,0.2092719038018254,-0.04209877385934929,0.7782470890438062,448.67897581030115,897.3579516206023,1794.7159032412046
Tajikistan,TJK,Lower middle income,2023,28.8,13.7,10389799.0,26.124,271423.109076,0.6396501713265162,0.14545711037403458,0.35455423499340843,0.924746107659624,434.0395955560977,868.0791911121954,1736.1583822243908
Zimbabwe,ZWE,Lower middle income,2023,64.2,23.5,16340822.0,30.41,496924.39702,0.34675288043844626,0.08751670461260468,0.17522013939774106,0.5182856214791514,430.77491506705763,861.5498301341153,1723.0996602682305
Togo,TGO,Lower middle income,2023,58.1,23.8,8223850.0,32.643,268451.13555,0.6370459109420618,0.14430706984747643,0.3542040540410076,0.9198877678431152,427.53924547470166,855.0784909494033,1710.1569818988066
Senegal,SEN,Lower middle income,2023,38.2,17.5,18077573.0,29.423,531896.4303789999,0.2798931148210906,0.17686262092376884,-0.06675762218949632,0.6265438518316775,372.1853716524941,744.3707433049882,1488.7414866099764
Honduras,HND,Lower middle income,2023,15.5,18.7,10644851.0,21.963,233792.862513,0.6311827668649047,0.2851383087190827,0.07231168177550318,1.1900538519543074,368.91506458555403,737.8301291711081,1475.6602583422161
Iraq,IRQ,Upper middle income,2023,22.5,12.6,45074049.0,25.728,1159665.132672,0.12331241010340209,0.20209953961772226,-0.2728026875473335,0.5194275077541377,357.50275605666457,715.0055121133291,1430.0110242266583
Oman,OMN,High income,2023,10.4,11.4,5049269.0,16.847,85065.034843,1.5438573803252225,0.2847110271520589,0.9858237671071867,2.1018909935432575,328.3207046249694,656.6414092499388,1313.2828184998775
Dominican Republic,DOM,Upper middle income,2023,31.5,6.7,11331265.0,17.931,203180.91271500004,0.6398756049144625,0.12305071437880405,0.39869620473200595,0.8810550050969178,325.02627357645815,650.0525471529163,1300.1050943058326
Portugal,PRT,High income,2023,3.2,3.2,10578174.0,8.1,85683.20939999999,1.4943439121534938,0.28515225000620364,0.935445502141335,2.0532423221656533,320.1004558516575,640.200911703315,1280.40182340663
Papua New Guinea,PNG,Lower middle income,2023,40.6,49.5,10389635.0,24.576,255335.66976000002,0.496487392677736,0.2677549316226286,-0.02831227330261632,1.0212870586580878,316.9273523419146,633.8547046838293,1267.7094093676585
"Gambia, The",GMB,Low income,2023,43.8,17.5,2697845.0,30.429,82092.725505,1.4193999733471434,0.27355766672175125,0.8832269465725124,1.9555730001217773,291.3060309844784,582.6120619689568,1165.2241239379136
Greece,GRC,High income,2023,3.9,1.5,10407351.0,6.8,70769.9868,1.5685811190694858,0.27708002908673235,1.02550426205949,2.111657976079481,277.5211627281918,555.0423254563837,1110.0846509127673
Bolivia,BOL,Lower middle income,2023,16.4,16.1,12244159.0,21.247,260151.646273,0.42411366285852653,0.17786918542776772,0.0754900594201019,0.7727372662969514,275.8346689987944,551.6693379975889,1103.3386759951777
Panama,PAN,High income,2023,15.1,15.9,4458759.0,16.029,71469.448011,1.4753835815325358,0.2166482839147645,1.0507529450595974,1.9000142180054742,263.6121254415564,527.2242508831127,1054.4485017662255
Guinea-Bissau,GNB,Low income,2023,69.7,28.1,2153339.0,30.037,64679.843542999995,1.5770988429903816,0.32807452255639985,0.9340727787798381,2.2201249072009253,255.01626604116052,510.03253208232104,1020.0650641646421
Ukraine,UKR,Upper middle income,2023,8.0,22.9,37732836.0,5.625,212247.20249999998,0.4536502440103915,0.17235144821844534,0.11584140550223865,0.7914590825185444,240.7149880116199,481.4299760232398,962.8599520464796
Guatemala,GTM,Upper middle income,2023,21.2,46.0,18124838.0,20.809,377159.75394200004,0.2471565171685187,0.28291681062197643,-0.3073604316505552,0.8016734659875924,233.04372800110056,466.0874560022011,932.1749120044022
Cuba,CUB,Upper middle income,2023,8.2,7.1,11019931.0,8.706,95939.519286,0.9631287251336926,0.1100408347010752,0.747448689119585,1.1788087611477998,231.00526724966127,462.01053449932255,924.0210689986451
Azerbaijan,AZE,Upper middle income,2023,18.7,6.6,10153958.0,11.1,112708.9338,0.8145939748338515,0.20265241533024198,0.4173952407865773,1.2117927088811258,229.5300459585686,459.0600919171372,918.1201838342744
Tunisia,TUN,Lower middle income,2023,12.9,8.4,12200431.0,13.748,167731.525388,0.520228500231656,0.3913522957016985,-0.2468219993436731,1.287278999806985,218.14679973541794,436.2935994708359,872.5871989416718
Kuwait,KWT,High income,2023,8.4,3.2,4853420.0,10.3028486127809,50004.05151424308,1.672671173941704,0.13228712700954662,1.4133884050029926,1.9319539428804153,209.10083887042603,418.20167774085206,836.4033554817041
Sri Lanka,LKA,Upper middle income,2023,6.1,10.3,22037000.0,11.2,246814.4,0.3386901375015149,0.3191425471360059,-0.2868292548850569,0.9642095298880864,208.98400768338473,417.96801536676946,835.9360307335389
Lesotho,LSO,Lower middle income,2023,61.3,34.6,2311472.0,24.109,55727.278448000005,1.463445848667481,0.3972245537304871,0.6848857233557265,2.2420059739792357,203.88463575565598,407.76927151131196,815.5385430226239
Jordan,JOR,Upper middle income,2023,13.3,8.2,11439213.0,20.611,235773.61914300002,0.31637430597384975,0.18492352513518068,-0.046075803291104334,0.6788244152388039,186.4817878082735,372.963575616547,745.927151233094
Cambodia,KHM,Lower middle income,2023,19.1,21.9,17423880.0,20.752,361580.35776,0.205356788273099,0.2105171364701759,-0.2072567992084458,0.6179703757546438,185.63245243057926,371.2649048611585,742.529809722317
Singapore,SGP,High income,2023,2.6,4.5,5917648.0,7.4,43790.5952,1.6877010844107911,0.13726347864633193,1.4186646662639806,1.9567375025576017,184.76358751508496,369.52717503016993,739.0543500603399
Bulgaria,BGR,High income,2023,5.9,7.0,6446596.0,8.9,57374.7044,1.2480694317545944,0.13745240464380945,0.9786627186527278,1.5174761448564609,179.01903679398956,358.0380735879791,716.0761471759582
Haiti,HTI,Lower middle income,2023,54.4,22.0,11637398.0,22.2,258350.2356,0.2759069849694468,0.18538076392512312,-0.08743931232379448,0.6392532822626881,178.20158642635562,356.40317285271124,712.8063457054225
Costa Rica,CRI,High income,2023,10.1,9.0,5105525.0,10.179,51969.138975,1.3420704678979016,0.20886297396166434,0.9326990389330394,1.7514418968627636,174.3656166510733,348.7312333021466,697.4624666042932
Mauritania,MRT,Lower middle income,2023,38.1,25.1,5022441.0,34.423,172887.486543,0.3900233837107086,0.22260837894869595,-0.04628903902873527,0.8263358064501528,168.57540625685115,337.1508125137023,674.3016250274046
Gabon,GAB,Upper middle income,2023,33.8,14.4,2484789.0,27.666,68744.17247399999,0.9682606727166633,0.39831983557366585,0.18755379499227764,1.7489675504410478,166.4056967125639,332.8113934251278,665.6227868502556
Turkmenistan,TKM,Upper middle income,2023,40.2,7.2,7364438.0,21.74,160102.88212,0.40992808952536713,0.22831773191162189,-0.03757466502141199,0.8574308440721459,164.07667148739168,328.15334297478336,656.3066859495667
Eritrea,ERI,Low income,2023,35.4,52.5,3470390.0,28.544,99058.81216,0.6609308398934474,0.24966468700944405,0.1715880533549371,1.1502736264319577,163.67755979939008,327.35511959878016,654.7102391975603
Belarus,BLR,Upper middle income,2023,2.4,1.2,9178298.0,7.136,65496.334528,0.9938072620639792,0.4108611188413002,0.1885194691350307,1.7990950549929274,162.72683223124537,325.45366446249074,650.9073289249815
Paraguay,PRY,Upper middle income,2023,16.9,5.6,6844146.0,19.985,136780.25780999998,0.4700002744737804,0.21357092588080648,0.05140125974739951,0.8885992892001608,160.7168967832361,321.4337935664722,642.8675871329444
Lao PDR,LAO,Lower middle income,2023,30.5,32.8,7664993.0,21.271,163042.06610300002,0.3787940379608491,0.25716464725213983,-0.1252486706533451,0.8828367465750432,154.39840644158764,308.7968128831753,617.5936257663506
Botswana,BWA,Upper middle income,2023,34.6,28.9,2480244.0,24.713,61294.26997200001,0.9809028987000129,0.41179890496260957,0.1737770449732977,1.7880287524267273,150.30931772308995,300.6186354461799,601.2372708923598
Kyrgyz Republic,KGZ,Lower middle income,2023,17.0,14.1,7099750.0,20.6,146254.85,0.3820395475654516,0.1607423233747692,0.06698459375090388,0.6970945013799992,139.68784180813248,279.37568361626495,558.7513672325299
Uruguay,URY,High income,2023,7.4,6.9,3388081.0,9.871,33443.74755100001,1.5635958693033813,0.28455189711011153,1.005874150967563,2.1213175876392003,130.7312638119217,261.4625276238434,522.9250552476868
Serbia,SRB,Upper middle income,2023,5.4,5.4,6623183.0,9.2,60933.2836,0.7534986477150412,0.1190621309207078,0.520136871110454,0.9868604243196286,114.78286698359274,229.56573396718548,459.13146793437096
"Congo, Rep.",COG,Lower middle income,2023,40.3,21.2,6182885.0,30.627,189363.218895,0.23943902206183024,0.23183523362796407,-0.21495803584897946,0.6938360799726397,113.35235986674773,226.70471973349547,453.40943946699093
Equatorial Guinea,GNQ,Upper middle income,2023,70.4,26.2,1847549.0,29.604,54694.840595999995,0.8287852058943266,0.21165484641632587,0.4139417069183278,1.2436287048703252,113.32568681178306,226.65137362356612,453.30274724713223
Qatar,QAT,High income,2023,6.0,6.2,2656032.0,9.908,26315.965056,1.6877010844107911,0.13726347864633193,1.4186646662639806,1.9567375025576017,111.03370690581922,222.06741381163843,444.13482762327686
Georgia,GEO,Upper middle income,2023,8.8,5.8,3715483.0,11.494,42705.761602,1.0138264262563013,0.35066675271609743,0.3265195909327502,1.7011332615798522,108.24057416377308,216.48114832754615,432.9622966550923
El Salvador,SLV,Upper middle income,2023,10.4,10.0,6309624.0,15.758,99427.05499199999,0.4066747368696719,0.22943846899904338,-0.04302466236845326,0.8563741361077968,101.08617856649498,202.17235713298996,404.3447142659799
Armenia,ARM,Upper middle income,2023,10.0,9.4,2964300.0,12.3,36460.89,1.0461203882267258,0.3601334050646903,0.34025891429993294,1.751981862153519,95.35620100472985,190.7124020094597,381.4248040189194
Lithuania,LTU,High income,2023,3.4,1.0,2871585.0,7.2,20675.412,1.5258518138258303,0.2613606414716462,1.013584956541404,2.038118671110257,78.86903725449085,157.7380745089817,315.4761490179634
Lebanon,LBN,Lower middle income,2023,17.0,13.9,5773493.0,16.144,93207.27099199999,0.3101761056898388,0.35870508924862265,-0.3928858692374616,1.013238080617139,72.27667084569009,144.55334169138018,289.10668338276037
Guyana,GUY,High income,2023,26.0,9.5,826353.0,20.287,16764.223310999998,1.5182148124118249,0.28063478125902924,0.9681706411441272,2.068258983679522,63.629230373349515,127.25846074669903,254.51692149339806
Namibia,NAM,Lower middle income,2023,41.1,22.7,2963095.0,25.89,76714.52955,0.3281514814665481,0.2778693394882659,-0.21647242393045324,0.8727753868635493,62.93496630460446,125.86993260920892,251.73986521841783
Bosnia and Herzegovina,BIH,Upper middle income,2023,6.0,8.9,3185073.0,7.714,24569.653122,1.0214580148172825,0.25562590265413637,0.5204312456151752,1.5224847840193898,62.74217275686842,125.48434551373684,250.96869102747368
Latvia,LVA,High income,2023,2.8,0.5,1883710.0,7.7,14504.567000000001,1.5914275027948666,0.33628492098941337,0.9323090576556167,2.250545947934117,57.707417099827076,115.41483419965415,230.8296683993083
Moldova,MDA,Upper middle income,2023,16.2,6.4,2457783.0,10.755,26433.456165000003,0.8465949671892479,0.2211852874305335,0.41307180382540226,1.2801181305530935,55.94607738676649,111.89215477353298,223.78430954706596
Albania,ALB,Upper middle income,2023,9.4,11.3,2411658.0,10.244,24705.024552,0.831524384515077,0.09961952360882036,0.6362701182417889,1.0267786507883647,51.35707583757917,102.71415167515833,205.42830335031667
Estonia,EST,High income,2023,2.1,1.2,1370286.0,8.0,10962.288,1.5892291544170405,0.15074389995378476,1.2937711105076226,1.8846871983264588,43.55396922179018,87.10793844358037,174.21587688716073
North Macedonia,MKD,Upper middle income,2023,3.4,4.3,1827816.0,9.2,16815.9072,1.0063461787019825,0.17682183862034304,0.6597753750061102,1.3529169823978549,42.30655988031789,84.61311976063578,169.22623952127157
Timor-Leste,TLS,Lower middle income,2023,49.2,46.7,1384286.0,22.077,30560.882022000005,0.49917894107888505,0.23666777094017366,0.03531011003614437,0.9630477721216251,38.138371815446746,76.27674363089349,152.55348726178698
Mongolia,MNG,Upper middle income,2023,13.6,8.8,3481145.0,19.0,66141.755,0.21028258896816163,0.24013494865405466,-0.26038191039378555,0.6809470883301086,34.771148700744625,69.54229740148925,139.0845948029785
Brunei Darussalam,BRN,High income,2023,10.1,19.6,458949.0,13.59,6237.11691,1.6641094943183812,0.13402500627647393,1.4014204820164922,1.92679850662027,25.94811366776181,51.89622733552362,103.79245467104724
Eswatini,SWZ,Lower middle income,2023,46.2,20.0,1230506.0,24.073,29621.970938000002,0.2690074631081825,0.18542289086582345,-0.09442140298883134,0.6324363292051967,19.921328135739223,39.84265627147845,79.6853125429569
Malta,MLT,High income,2023,5.5,3.3,552747.0,8.1,4477.2507,1.6877010844107911,0.13726347864633193,1.4186646662639806,1.9567375025576017,18.89065215392243,37.78130430784486,75.56260861568973
Comoros,COM,Lower middle income,2023,40.2,18.2,850387.0,28.653,24366.138711,0.2901196957379911,0.18356137895094607,-0.06966060700586318,0.6498999984818454,17.672741872862517,35.34548374572503,70.69096749145007
Belize,BLZ,Upper middle income,2023,12.8,15.0,411106.0,18.025,7410.185649999999,0.825491975874892,0.21523405805346985,0.40363322209009106,1.2473507296596928,15.292621984545674,30.585243969091348,61.170487938182696
Montenegro,MNE,Upper middle income,2023,2.5,7.2,623529.0,11.2,6983.5248,0.7534986477150412,0.1190621309207078,0.520136871110454,0.9868604243196286,13.155191232711134,26.31038246542227,52.62076493084454
Maldives,MDV,Upper middle income,2023,5.7,15.3,525994.0,11.018,5795.401892,0.8072411139489711,0.12459441560310197,0.5630360593668906,1.0514461685310503,11.695716697700137,23.391433395400274,46.78286679080055
Suriname,SUR,Upper middle income,2023,16.3,8.3,628886.0,17.298,10878.470027999998,0.3380526387615852,0.2597767802023475,-0.17110985043501614,0.8472151279581862,9.193738746635537,18.387477493271074,36.77495498654215
Bhutan,BTN,Lower middle income,2023,18.0,17.9,786385.0,12.663,9957.993255000001,0.35362097449801483,0.2997406574939109,-0.2338707141900503,0.9411126631860804,8.803388197194398,17.606776394388795,35.21355278877759
Sao Tome and Principe,STP,Lower middle income,2023,14.1,11.7,230871.0,28.185,6507.0991349999995,0.5028002133109715,0.28132745824011923,-0.04860160483966225,1.0542020314616052,8.179427082784093,16.358854165568186,32.71770833113637
Seychelles,SYC,High income,2023,14.3,7.9,119773.0,13.0,1557.049,1.3968351640389458,0.2173036413438831,0.9709200270049351,1.8227503010729569,5.4373519883291905,10.874703976658381,21.749407953316762
Cabo Verde,CPV,Upper middle income,2023,11.6,6.0,522331.0,12.33,6440.34123,0.3262904715956097,0.17927474334903143,-0.02508802536849203,0.6776689685597113,5.2535549429333726,10.507109885866745,21.01421977173349
Samoa,WSM,Upper middle income,2023,15.3,7.3,216663.0,25.401,5503.456863,0.3441748209230882,0.19011330835967,-0.028447263461865102,0.7167969053080413,4.7353782007024146,9.470756401404829,18.941512802809658
Vanuatu,VUT,Lower middle income,2023,17.5,28.9,320409.0,28.05,8987.472450000001,0.17026265405185645,0.16216049534821592,-0.14757191683064683,0.4880972249343595,3.8255772813873525,7.651154562774705,15.30230912554941
Kiribati,KIR,Lower middle income,2023,54.5,15.2,132530.0,25.813,3420.99689,0.3414850530610178,0.089722311517813,0.16562932248610424,0.5173407836359312,2.920548261258067,5.841096522516134,11.682193045032268
Marshall Islands,MHL,Upper middle income,2023,27.6,34.8,38827.0,21.137,820.686299,0.8465949671892479,0.2211852874305335,0.41307180382540226,1.2801181305530935,1.7369722259364253,3.4739444518728506,6.947888903745701
Tonga,TON,Upper middle income,2023,9.8,2.2,104597.0,23.117,2417.9688490000003,0.2577908700544314,0.270671816746648,-0.27272589076899856,0.7883076308778614,1.5583257333705551,3.1166514667411103,6.2333029334822205
Naoero,NRU,High income,2023,8.7,15.7,11875.0,25.505,302.871875,0.9339845893168378,0.10638142286461233,0.7254770005021989,1.1424921781314792,0.7071941594687391,1.4143883189374782,2.8287766378749564
Tuvalu,TUV,Upper middle income,2023,19.8,5.7,9816.0,23.075,226.5042,0.4536502440103915,0.17235144821844534,0.11584140550223865,0.7914590825185444,0.2568842139984463,0.5137684279968926,1.0275368559937852
"Venezuela, RB",VEN,Lower middle income,2023,24.2,13.4,28300854.0,15.087,426974.984298,-0.050617034842123355,0.3027245947349069,-0.643957240522541,0.5427231708382942,0.0,0.0,0.0
West Bank and Gaza,PSE,Lower middle income,2023,41.9,8.7,5165775.0,27.062,139796.20305,-0.04849423410261314,0.3007807213593676,-0.6380244479669739,0.5410359797617472,0.0,0.0,0.0
Burundi,BDI,Low income,2023,48.7,58.0,13689450.0,33.667,460882.71315,-0.36611921165513783,0.7238215418979774,-1.7848094337751736,1.0525710104648978,0.0,0.0,0.0
